City_ID,City,Lat,Lng,Max Temp,Humidity,Cloudiness,Wind Speed,Country,Date
0,berlevag,70.8578,29.0864,24,93,100,9.22,NO,1675364771
1,risti,58.9975,24.058,32,85,91,6.93,EE,1675364975
2,labuan,5.2767,115.2417,80,80,100,6.55,MY,1675364979
3,olafsvik,64.8945,-23.7142,39,83,73,17.85,IS,1675364914
4,ko samui,9.5357,99.9357,80,73,100,5.21,TH,1675364981
5,carnarvon,-24.8667,113.6333,82,65,55,12.35,AU,1675364982
6,talnakh,69.4865,88.3972,8,96,100,8.03,RU,1675364982
7,mackay,-21.15,149.2,79,76,51,6.49,AU,1675364983
8,namie,37.4833,141.0,32,64,100,11.86,JP,1675364983
9,rikitea,-23.1203,-134.9692,79,72,57,15.39,PF,1675364984
10,alexandria,31.2156,29.9553,59,56,94,9.57,EG,1675364833
11,new norfolk,-42.7826,147.0587,46,77,15,2.77,AU,1675364985
12,klaksvik,62.2266,-6.589,41,96,100,25.81,FO,1675364986
13,itarema,-2.9248,-39.9167,83,66,100,13.6,BR,1675364730
14,andenes,69.3143,16.1194,26,93,0,9.22,NO,1675364986
15,saskylakh,71.9167,114.0833,-13,99,100,3.11,RU,1675364987
16,bijar,35.8668,47.6051,20,86,41,10.74,IR,1675364987
17,mataura,-46.1927,168.8643,62,91,16,0.78,NZ,1675364988
18,nikolskoye,59.7035,30.7861,30,98,100,1.59,RU,1675364988
19,abadiania,-16.2042,-48.7069,85,66,98,2.91,BR,1675364769
20,tessalit,20.1986,1.0114,68,11,50,12.53,ML,1675364990
21,alpena,45.0617,-83.4327,29,67,100,17.27,US,1675364990
22,upernavik,72.7868,-56.1549,-7,85,96,4.27,GL,1675364815
23,te anau,-45.4167,167.7167,63,97,69,2.26,NZ,1675364991
24,jamestown,42.097,-79.2353,35,40,0,17.27,US,1675364992
25,richards bay,-28.783,32.0377,74,90,100,3.56,ZA,1675364992
26,ushuaia,-54.8,-68.3,69,66,83,6.13,AR,1675364993
27,cidreira,-30.1811,-50.2056,80,73,100,12.73,BR,1675364758
28,castro,-24.7911,-50.0119,72,87,100,8.84,BR,1675364769
29,bushehr,28.9684,50.8385,63,78,0,8.08,IR,1675364994
30,sovetskiy,61.3614,63.5842,3,100,100,2.89,RU,1675364995
31,rio claro,-22.4114,-47.5614,76,82,96,4.25,BR,1675364730
32,nanakuli,21.3906,-158.1547,77,67,0,3.44,US,1675364996
33,cape town,-33.9258,18.4232,67,72,0,10.0,ZA,1675364850
34,sao jose da coroa grande,-8.8978,-35.1478,82,68,52,10.8,BR,1675364983
35,san patricio,28.017,-97.5169,42,81,100,11.61,US,1675364997
36,nome,64.5011,-165.4064,15,92,100,5.75,US,1675364998
37,bluff,-46.6,168.3333,62,97,100,5.28,NZ,1675364999
38,puerto ayora,-0.7393,-90.3518,85,88,100,8.01,EC,1675364999
39,souillac,-20.5167,57.5167,79,83,40,2.3,MU,1675364734
40,east london,-33.0153,27.9116,73,80,75,5.28,ZA,1675365000
41,busselton,-33.65,115.3333,61,80,0,15.79,AU,1675365000
42,ixtapa,20.7,-105.2,76,65,20,8.05,MX,1675365001
43,flinders,-34.5833,150.8552,66,61,0,7.67,AU,1675365002
44,santiago del estero,-27.7951,-64.2615,86,43,95,2.08,AR,1675365002
45,provideniya,64.3833,-173.3,9,94,47,12.35,RU,1675365003
46,padang,-0.9492,100.3543,76,83,100,4.12,ID,1675365003
47,saint-paul,-21.0096,55.2707,78,83,97,1.68,RE,1675365004
48,plettenberg bay,-34.0527,23.3716,66,83,58,2.62,ZA,1675365005
49,cody,44.5263,-109.0565,41,54,0,10.36,US,1675365005
50,inverness,57.4791,-4.224,52,84,40,18.41,GB,1675365006
51,honningsvag,70.9821,25.9704,26,93,100,9.22,NO,1675365007
52,deer lake,49.1667,-57.4316,20,82,100,9.98,CA,1675365007
53,lavrentiya,65.5833,-171.0,1,92,14,9.01,RU,1675365008
54,mount gambier,-37.8333,140.7667,50,81,100,18.43,AU,1675365008
55,dunedin,-45.8742,170.5036,71,64,99,3.0,NZ,1675364923
56,saint george,37.1041,-113.5841,46,35,0,1.01,US,1675364732
57,bossangoa,6.4926,17.4552,83,24,96,2.28,CF,1675365009
58,katsuura,35.1333,140.3,43,56,100,13.35,JP,1675365010
59,atuona,-9.8,-139.0333,78,79,90,23.02,PF,1675365010
60,belyy yar,53.6039,91.3903,-11,84,85,2.24,RU,1675365011
61,bolobo,-2.1667,16.2333,76,74,70,3.47,CD,1675365011
62,margate,51.3813,1.3862,49,81,98,5.01,GB,1675365012
63,langfang,39.5097,116.6947,27,25,40,0.54,CN,1675365012
64,hilo,19.7297,-155.09,83,68,0,4.61,US,1675364754
65,punta arenas,-53.15,-70.9167,68,40,0,28.77,CL,1675365013
66,half moon bay,37.4636,-122.4286,55,63,0,4.61,US,1675365011
67,barnala,30.3833,75.55,51,39,0,4.74,IN,1675365014
68,yellowknife,62.456,-114.3525,-22,74,81,10.0,CA,1675365014
69,vila franca do campo,37.7167,-25.4333,59,79,89,10.6,PT,1675365015
70,ambunti,-4.2365,142.8448,72,93,100,0.63,PG,1675365015
71,tasiilaq,65.6145,-37.6368,26,71,100,17.56,GL,1675365016
72,praia da vitoria,38.7333,-27.0667,59,85,32,13.4,PT,1675365017
73,aklavik,68.2191,-135.0107,-32,68,20,8.05,CA,1675364732
74,balsas,-7.5325,-46.0356,79,80,100,3.96,BR,1675365018
75,nishihara,26.1842,127.7558,61,77,40,3.44,JP,1675365018
76,birin,26.8865,88.0718,48,67,0,4.29,NP,1675365019
77,puerto colombia,10.9878,-74.9547,84,67,2,20.92,CO,1675365019
78,port alfred,-33.5906,26.891,70,92,0,1.01,ZA,1675365020
79,rokiskis,55.9667,25.5833,29,95,100,12.5,LT,1675365021
80,shimoda,34.6667,138.95,38,64,100,13.67,JP,1675365021
81,lukovetskiy,64.2956,41.9211,14,98,96,3.51,RU,1675365022
82,khatanga,71.9667,102.5,-29,100,80,1.59,RU,1675365023
83,kapaa,22.0752,-159.319,76,94,75,6.91,US,1675365023
84,tecoanapa,16.5167,-98.75,84,47,5,10.4,MX,1675365024
85,haines junction,60.7522,-137.5108,5,96,100,1.23,CA,1675365024
86,mar del plata,-38.0023,-57.5575,72,87,100,15.99,AR,1675365025
87,armidale,-30.5167,151.65,58,88,0,5.01,AU,1675365025
88,soke,13.598,-5.9386,84,11,97,8.59,ML,1675365026
89,pisco,-13.7,-76.2167,82,61,0,21.85,PE,1675364748
90,bethel,41.3712,-73.414,39,41,0,11.5,US,1675364737
91,avera,33.194,-82.5271,51,80,100,3.96,US,1675365027
92,luderitz,-26.6481,15.1594,68,57,7,23.55,NA,1675364806
93,hasaki,35.7333,140.8333,38,61,100,9.69,JP,1675365028
94,kidal,18.4411,1.4078,77,8,17,11.03,ML,1675365028
95,okha,53.5739,142.9478,-17,98,100,10.87,RU,1675365029
96,lorengau,-2.0226,147.2712,79,79,86,1.19,PG,1675365029
97,vaini,-21.2,-175.2,80,89,75,13.8,TO,1675365030
98,narsaq,60.9167,-46.05,16,96,73,4.99,GL,1675365030
99,touros,-5.1989,-35.4608,84,66,21,16.96,BR,1675364909
100,karratha,-20.7377,116.8463,85,68,45,7.74,AU,1675365031
101,dingle,10.9995,122.6711,72,96,55,7.74,PH,1675365031
102,thompson,55.7435,-97.8558,-16,84,100,10.31,CA,1675365032
103,lebu,-37.6167,-73.65,63,66,0,22.97,CL,1675365033
104,winslow,35.0242,-110.6974,39,38,0,4.61,US,1675365033
105,batemans bay,-35.7167,150.1833,60,64,1,5.61,AU,1675365034
106,chokurdakh,70.6333,147.9167,-16,100,97,5.03,RU,1675365034
107,grandview,38.8858,-94.533,49,38,0,5.75,US,1675365035
108,tezu,27.9167,96.1667,62,18,0,4.61,IN,1675365035
109,rio pardo,-29.9897,-52.3781,98,25,100,11.45,BR,1675365036
110,iqaluit,63.7506,-68.5145,-31,61,20,2.3,CA,1675364949
111,the pas,53.8251,-101.2541,-17,86,73,10.2,CA,1675365037
112,arraial do cabo,-22.9661,-42.0278,85,62,40,14.97,BR,1675365037
113,mae ramat,16.984,98.5166,70,50,9,1.34,TH,1675365038
114,karabuk,41.2049,32.6277,31,94,40,2.93,TR,1675365039
115,hithadhoo,-0.6,73.0833,82,64,86,14.76,MV,1675365040
116,hobart,-42.8794,147.3294,47,93,48,10.36,AU,1675365030
117,calamar,10.2511,-74.9146,94,27,0,7.05,CO,1675365040
118,lebedyn,50.5852,34.4849,31,97,99,7.7,UA,1675365041
119,port elizabeth,-33.918,25.5701,72,90,14,14.0,ZA,1675365014
120,taoudenni,22.6783,-3.9836,62,13,71,10.67,ML,1675365042
121,riyadh,24.6877,46.7219,59,53,0,9.15,SA,1675364787
122,chuy,-33.6971,-53.4616,70,87,100,15.43,UY,1675365043
123,bitung,1.4451,125.1824,76,87,100,7.87,ID,1675365043
124,namibe,-15.1961,12.1522,73,77,82,6.76,AO,1675365044
125,samana,19.2056,-69.3369,80,74,75,0.0,DO,1675365044
126,saint-leu,-21.15,55.2833,77,81,66,3.36,RE,1675365045
127,pulgaon,20.7333,78.3333,64,17,100,5.14,IN,1675365046
128,nokaneng,-19.6667,22.2667,70,87,100,9.95,BW,1675365046
129,mehamn,71.0357,27.8492,24,93,75,4.61,NO,1675364748
130,adrar,20.5022,-10.0711,65,13,3,12.08,MR,1675364987
131,vilhena,-12.7406,-60.1458,80,75,64,1.54,BR,1675364989
132,south charleston,38.3684,-81.6996,39,76,100,6.91,US,1675364984
133,albany,42.6001,-73.9662,37,41,7,1.01,US,1675365010
134,koungheul,13.9833,-14.8,88,9,23,4.38,SN,1675365048
135,bodaybo,57.8506,114.1933,5,90,100,6.31,RU,1675365048
136,dicabisagan,17.0818,122.4157,74,88,90,6.08,PH,1675365049
137,kavaratti,10.5669,72.642,79,79,46,6.53,IN,1675365049
138,riwaka,-41.0833,173.0,69,90,100,1.43,NZ,1675365050
139,ilulissat,69.2167,-51.1,6,56,75,1.14,GL,1675365050
140,siocon,7.7061,122.1353,75,87,100,6.67,PH,1675365051
141,vrangel,42.7297,133.0839,12,64,0,9.53,RU,1675365051
142,samboan,9.5276,123.3069,78,80,100,6.53,PH,1675365052
143,vallenar,-28.5708,-70.7581,88,28,0,11.48,CL,1675365052
144,longyearbyen,78.2186,15.6401,6,72,20,18.41,SJ,1675365053
145,toora-khem,52.4675,96.11,-14,100,97,0.81,RU,1675365053
146,mahebourg,-20.4081,57.7,79,83,40,2.3,MU,1675365054
147,chirongui,-12.9319,45.1483,80,78,100,3.04,YT,1675365055
148,skjervoy,70.0311,20.9714,14,67,97,8.39,NO,1675365055
149,cherskiy,68.75,161.3,-11,100,100,3.96,RU,1675365056
150,codrington,-38.2667,141.9667,50,86,100,24.63,AU,1675365056
151,nelson bay,-32.7167,152.15,73,89,0,7.0,AU,1675365057
152,cockburn town,21.4612,-71.1419,76,69,38,17.09,TC,1675365058
153,tiksi,71.6872,128.8694,-25,98,92,8.05,RU,1675365058
154,kerema,-7.9631,145.7785,77,78,100,5.23,PG,1675365059
155,norman wells,65.282,-126.8329,-25,96,96,5.86,CA,1675364820
156,akureyri,65.6835,-18.0878,31,97,100,7.99,IS,1675365060
157,ust-kuyga,70.0167,135.6,-20,95,99,4.03,RU,1675365060
158,minsk,53.9,27.5667,33,97,100,6.78,BY,1675365062
159,butaritari,3.0707,172.7902,80,78,100,18.41,KI,1675365064
160,portland,45.5234,-122.6762,45,66,75,4.0,US,1675364799
161,bredasdorp,-34.5322,20.0403,64,69,0,4.92,ZA,1675365066
162,gladstone,-23.85,151.25,76,94,75,4.61,AU,1675365068
163,lagoa,39.05,-27.9833,57,80,9,22.79,PT,1675365069
164,avarua,-21.2078,-159.775,80,89,20,12.66,CK,1675365071
165,korla,41.7597,86.1469,23,69,11,4.59,CN,1675365073
166,ribeira grande,38.5167,-28.7,61,77,40,17.27,PT,1675364835
167,parainen,60.3067,22.301,27,85,10,11.79,FI,1675365075
168,ponta delgada,37.7333,-25.6667,59,77,20,12.66,PT,1675365078
169,alyangula,-13.8483,136.4192,81,80,100,15.26,AU,1675365080
170,broken hill,-31.95,141.4333,56,52,0,17.43,AU,1675365082
171,sur,22.5667,59.5289,68,66,0,7.76,OM,1675365083
172,qaanaaq,77.484,-69.3632,-2,57,0,9.42,GL,1675365084
173,carutapera,-1.195,-46.02,73,98,100,3.78,BR,1675365085
174,labrea,-7.2586,-64.7981,88,56,20,3.56,BR,1675365086
175,nanortalik,60.1432,-45.2371,17,75,100,17.58,GL,1675365087
176,qaqortoq,60.7167,-46.0333,3,92,26,4.09,GL,1675365091
177,kananga,-5.8958,22.4178,72,86,2,3.13,CD,1675365093
178,oros,-6.2444,-38.9136,88,45,100,1.68,BR,1675365094
179,poninka,50.1849,27.5363,30,96,100,4.88,UA,1675365097
180,palu,-0.8917,119.8707,75,98,100,1.48,ID,1675365098
181,saint-philippe,-21.3585,55.7679,78,87,83,15.01,RE,1675365099
182,barentu,15.1139,37.5928,69,44,6,8.16,ER,1675365100
183,shaoxing,30.011,120.5715,39,89,100,4.74,CN,1675365101
184,arusha,-3.3667,36.6833,69,63,95,3.51,TZ,1675365101
185,tautira,-17.7333,-149.15,80,82,14,20.04,PF,1675365102
186,bowen,-20.0167,148.2333,77,83,98,6.53,AU,1675365102
187,emerald,-23.5333,148.1667,81,56,100,10.36,AU,1675365103
188,matamoros,25.5333,-103.25,64,44,75,19.57,MX,1675365103
189,kodiak,57.79,-152.4072,24,86,40,4.61,US,1675365104
190,hare bay,48.8499,-54.0148,16,69,100,9.66,CA,1675365104
191,la ronge,55.1001,-105.2842,-15,85,91,3.76,CA,1675365105
192,waipawa,-41.4122,175.5153,63,91,100,4.43,NZ,1675365105
193,san benito,36.6166,-121.0844,53,29,100,5.41,US,1675365106
194,poronaysk,49.2167,143.1167,-6,85,100,6.76,RU,1675365106
195,labuhan,-6.8844,112.2051,75,90,100,5.95,ID,1675365107
196,houma,29.5958,-90.7195,73,96,100,4.61,US,1675364868
197,sao filipe,14.8961,-24.4956,71,72,9,12.93,CV,1675365107
198,thanatpin,17.2119,96.3033,75,64,40,4.27,MM,1675365108
199,mitsamiouli,-11.3847,43.2844,80,80,100,2.1,KM,1675365109
200,vanimo,-2.6741,141.3028,77,84,100,2.08,PG,1675365109
201,ahipara,-35.1667,173.1667,70,97,98,6.31,NZ,1675364921
202,south lake tahoe,38.9332,-119.9844,48,58,45,3.0,US,1675365031
203,pyryatyn,50.2445,32.5107,31,98,100,7.38,UA,1675365110
204,camabatela,-8.1881,15.375,65,87,98,1.23,AO,1675365111
205,lahat,-3.8,103.5333,72,96,100,2.33,ID,1675365112
206,marsa matruh,31.3525,27.2453,56,59,58,9.86,EG,1675365112
207,victoria,22.2855,114.1577,64,84,79,15.01,HK,1675364971
208,balkanabat,39.5108,54.3671,47,66,22,11.41,TM,1675364955
209,acapulco,16.8634,-99.8901,85,54,0,9.22,MX,1675365113
210,kieta,-6.2167,155.6333,78,86,100,4.16,PG,1675365035
211,saint anthony,45.0205,-93.218,11,45,0,16.11,US,1675365114
212,tuatapere,-46.1333,167.6833,63,97,87,3.2,NZ,1675365060
213,geraldton,-28.7667,114.6,79,38,0,5.75,AU,1675365115
214,ust-ishim,57.6935,71.1665,13,98,100,1.92,RU,1675365116
215,coquimbo,-29.9533,-71.3436,67,72,40,13.8,CL,1675365098
216,mahajanga,-15.7167,46.3167,78,84,99,8.08,MG,1675365116
217,tuktoyaktuk,69.4541,-133.0374,-32,68,40,6.91,CA,1675365047
218,malanje,-9.5402,16.341,69,80,100,4.88,AO,1675365117
219,neiafu,-18.65,-173.9833,77,94,75,16.11,TO,1675364891
220,codajas,-3.8367,-62.0569,87,63,28,4.12,BR,1675365118
221,hamilton,39.1834,-84.5333,38,48,0,11.5,US,1675365069
222,bulgan,48.8125,103.5347,-4,87,12,3.76,MN,1675365119
223,bantry,51.6833,-9.45,50,86,66,16.15,IE,1675365119
224,merauke,-8.4667,140.3333,79,84,100,9.51,ID,1675365120
225,hermanus,-34.4187,19.2345,64,76,18,5.03,ZA,1675365072
226,ladario,-19.0047,-57.6017,79,83,75,3.44,BR,1675365121
227,springbok,-29.6643,17.8865,69,39,0,5.61,ZA,1675365121
228,natitingou,10.3042,1.3796,84,26,58,3.98,BJ,1675365122
229,sungaipenuh,-2.0833,101.3833,63,86,97,1.07,ID,1675365124
230,aswan,24.0934,32.907,58,32,0,10.07,EG,1675365125
231,barra patuca,15.8,-84.2833,82,63,2,11.01,HN,1675365127
232,paamiut,61.994,-49.6678,9,86,100,14.81,GL,1675365128
233,kahului,20.8947,-156.47,79,73,20,4.0,US,1675365096
234,monrovia,6.3005,-10.7969,82,82,16,8.23,LR,1675365000
235,ponta do sol,32.6667,-17.1,61,44,39,9.15,PT,1675365133
236,homer,59.6425,-151.5483,31,93,75,0.0,US,1675365135
237,buyabod,13.4666,122.0526,75,90,85,8.3,PH,1675365137
238,panguna,-6.3164,155.4848,68,96,100,0.92,PG,1675365138
239,elko,41.0002,-115.5012,19,57,8,3.0,US,1675365141
240,bambous virieux,-20.3428,57.7575,79,83,40,2.3,MU,1675365115
241,belmonte,-15.8631,-38.8828,82,64,0,8.1,BR,1675365143
242,anadyr,64.75,177.4833,10,91,100,5.17,RU,1675364979
243,hofn,64.2539,-15.2082,39,90,100,17.27,IS,1675365145
244,san quintin,30.4833,-115.95,63,40,12,3.4,MX,1675365147
245,beinamar,8.6698,15.3813,84,15,3,5.06,TD,1675365149
246,port said,31.2565,32.2841,60,58,95,10.76,EG,1675365153
247,georgetown,5.4112,100.3354,78,89,20,0.0,MY,1675365090
248,teacapan,22.55,-105.75,76,59,95,8.46,MX,1675365157
249,polistena,38.406,16.08,53,79,5,0.81,IT,1675365158
250,ust-koksa,50.2696,85.6108,6,87,56,1.1,RU,1675365160
251,kommunar,59.6206,30.39,29,98,100,1.79,RU,1675365160
252,atar,20.5169,-13.0499,73,11,6,9.86,MR,1675365161
253,baghmara,23.795,86.2085,58,29,100,6.06,IN,1675365162
254,meulaboh,4.1363,96.1285,77,87,100,3.09,ID,1675365163
255,palana,59.1167,159.9667,-7,98,16,6.2,RU,1675365164
256,zapolyarnyy,69.4154,30.8136,11,98,97,3.15,RU,1675365164
257,viedma,-40.8135,-62.9967,87,28,42,6.73,AR,1675365165
258,barrow,71.2906,-156.7887,-5,84,100,13.8,US,1675365165
259,minnetonka,44.9133,-93.5033,11,44,0,17.27,US,1675365166
260,coihaique,-45.5752,-72.0662,72,49,40,9.22,CL,1675365166
261,balkhash,46.844,74.9804,20,93,100,9.08,KZ,1675365167
262,constitucion,-35.3333,-72.4167,74,47,7,18.77,CL,1675365167
263,nushki,29.5542,66.0215,58,40,73,4.97,PK,1675364901
264,goianesia,-15.3175,-49.1175,79,72,78,5.61,BR,1675365168
265,trairi,-3.2778,-39.2689,84,66,56,10.45,BR,1675364907
266,christchurch,-43.5333,172.6333,74,64,100,8.05,NZ,1675365142
267,chaklasi,22.65,72.9333,65,17,61,8.66,IN,1675365169
268,kloulklubed,7.0419,134.2556,79,74,100,20.38,PW,1675365170
269,bayji,34.9311,43.487,49,50,1,8.28,IQ,1675365170
270,cartagena del chaira,1.3349,-74.8429,97,22,8,5.53,CO,1675365171
271,dikson,73.5069,80.5464,3,93,100,7.38,RU,1675365142
272,budisov nad budisovkou,49.7951,17.6297,32,93,100,5.64,CZ,1675365172
273,sola,-13.8833,167.55,82,71,24,8.21,VU,1675365172
274,pangnirtung,66.1451,-65.7125,-19,97,100,3.53,CA,1675365173
275,yumen,40.2833,97.2,21,40,8,4.83,CN,1675365173
276,valdivia,-39.8142,-73.2459,82,27,0,5.53,CL,1675364943
277,gali,42.6265,41.7381,39,77,100,2.01,GE,1675365174
278,uyuni,-20.4597,-66.825,68,19,18,15.86,BO,1675365175
279,tocopilla,-22.092,-70.1979,75,75,19,5.46,CL,1675365175
280,kirakira,-10.4544,161.9205,78,84,73,3.91,SB,1675365176
281,sioux lookout,50.1001,-91.917,-13,80,100,13.53,CA,1675364946
282,xining,36.6167,101.7667,25,31,0,3.53,CN,1675365044
283,zafarwal,32.3463,74.8999,55,55,76,4.21,PK,1675365177
284,carlagan,14.975,122.0456,76,87,3,14.79,PH,1675365178
285,mayumba,-3.432,10.6554,80,86,60,9.06,GA,1675365178
286,esperance,-33.8667,121.9,60,75,27,10.36,AU,1675365068
287,northam,51.0333,-4.2167,49,95,100,14.38,GB,1675365179
288,progreso,21.2833,-89.6667,90,58,44,10.78,MX,1675365180
289,ossora,59.2353,163.0719,-1,89,12,5.84,RU,1675365181
290,egvekinot,66.3167,-179.1667,-4,90,62,13.8,RU,1675365039
291,gasa,31.5,34.4667,49,57,94,7.87,PS,1675365182
292,muborak,39.2553,65.1528,43,84,7,5.84,UZ,1675365183
293,kaitangata,-46.2817,169.8464,64,80,81,5.46,NZ,1675365185
294,oriximina,-1.7656,-55.8661,83,65,95,5.64,BR,1675365187
295,santarem,-2.4431,-54.7083,84,74,40,11.5,BR,1675364894
296,alice springs,-23.7,133.8833,60,77,0,4.61,AU,1675365192
297,maxixe,-23.8597,35.3472,76,71,8,11.14,MZ,1675365193
298,villacarrillo,38.1156,-3.0848,42,47,0,2.44,ES,1675365195
299,ubon ratchathani,15.1667,105.1667,77,68,13,2.04,TH,1675365196
300,marietta,33.9526,-84.5499,49,96,100,4.61,US,1675364997
301,arrecife,28.963,-13.5477,64,68,20,14.97,ES,1675365198
302,san policarpo,12.1791,125.5072,79,84,10,15.37,PH,1675364989
303,mount isa,-20.7333,139.5,74,73,100,8.05,AU,1675365199
304,huilong,31.8111,121.655,38,70,100,7.9,CN,1675365201
305,dekar,-21.5333,21.9333,74,68,83,3.24,BW,1675365080
306,bonthe,7.5264,-12.505,80,78,89,9.4,SL,1675365203
307,takoradi,4.8845,-1.7554,81,80,10,6.78,GH,1675365204
308,kuusamo,65.9667,29.1833,14,92,75,4.61,FI,1675365207
309,chapais,49.7834,-74.8492,10,91,100,7.56,CA,1675365210
310,naze,28.3667,129.4833,54,68,4,7.18,JP,1675365211
311,marsabit,2.3284,37.9899,72,36,74,8.99,KE,1675365212
312,fairbanks,64.8378,-147.7164,10,83,100,0.0,US,1675365002
313,mufumbwe,-13.6833,24.8,66,94,100,2.82,ZM,1675365215
314,robe,-37.1833,139.75,55,69,91,33.11,AU,1675365217
315,naruto,34.1833,134.6167,39,75,75,4.61,JP,1675365219
316,kopervik,59.2835,5.3067,39,87,100,21.85,NO,1675365220
317,moron,-34.6534,-58.6198,82,84,70,7.14,AR,1675365016
318,akdepe,42.0551,59.3788,35,87,10,4.97,TM,1675365221
319,bilma,18.6853,12.9164,69,16,12,7.78,NE,1675365222
320,tateyama,34.9833,139.8667,42,49,100,15.23,JP,1675365222
321,kaseda,31.4167,130.3167,49,74,19,8.84,JP,1675365223
322,ust-nera,64.5667,143.2,-24,99,95,1.43,RU,1675365224
323,saldanha,-33.0117,17.9442,63,82,0,20.78,ZA,1675365224
324,severo-kurilsk,50.6789,156.125,28,96,100,44.38,RU,1675365225
325,ampanihy,-24.7,44.75,72,83,94,10.2,MG,1675365225
326,walvis bay,-22.9575,14.5053,65,83,100,6.4,NA,1675365226
327,tarboro,35.8968,-77.5358,37,93,100,3.44,US,1675365226
328,cap-aux-meules,47.3821,-61.8597,21,58,100,20.71,CA,1675365227
329,ipanema,-30.1391,-51.2244,87,62,75,16.11,BR,1675365227
330,kon tum,14.35,108.0,65,93,25,2.73,VN,1675365109
331,saint-augustin,51.226,-58.6502,3,80,100,2.98,CA,1675365228
332,sechelt,49.4664,-123.7694,45,74,100,7.02,CA,1675365229
333,college,64.8569,-147.8028,10,83,100,0.0,US,1675365231
334,ereymentau,51.6199,73.1033,-6,98,16,4.56,KZ,1675365231
335,morondava,-20.2833,44.2833,80,82,14,5.61,MG,1675365232
336,cap malheureux,-19.9842,57.6142,79,81,0,1.01,MU,1675365232
337,hualmay,-11.0964,-77.6139,77,71,100,10.89,PE,1675365233
338,yerbogachen,61.2767,108.0108,5,95,100,9.71,RU,1675365233
339,kathu,7.9178,98.3332,75,81,100,6.71,TH,1675365234
340,surgut,61.25,73.4167,10,92,40,4.47,RU,1675365142
341,ancud,-41.8697,-73.8203,64,67,2,7.45,CL,1675365235
342,torbay,47.6666,-52.7314,19,68,56,8.01,CA,1675365235
343,copiapo,-27.3667,-70.3333,69,26,0,11.74,CL,1675365096
344,healesville,-37.65,145.5167,53,79,100,1.99,AU,1675365236
345,stranda,62.3096,6.9358,26,92,98,7.81,NO,1675365236
346,bull savanna,17.8868,-77.5902,81,59,0,17.67,JM,1675365237
347,darhan,49.4867,105.9228,-9,98,17,6.06,MN,1675365237
348,banda aceh,5.5577,95.3222,77,82,100,5.26,ID,1675365238
349,mirnyy,62.5353,113.9611,-3,96,100,6.6,RU,1675364991
350,mossendjo,-2.9506,12.7261,72,88,100,2.08,CG,1675365239
351,charters towers,-20.1,146.2667,74,84,100,4.38,AU,1675365239
352,guerrero negro,27.9769,-114.0611,64,37,49,2.06,MX,1675365240
353,masvingo,-20.0637,30.8277,71,64,48,3.13,ZW,1675365240
354,tisul,55.7611,88.3122,-6,100,49,2.75,RU,1675365241
355,kaman,27.65,77.2667,55,41,0,6.8,IN,1675365241
356,ambilobe,-13.2,49.05,75,93,89,2.44,MG,1675365243
357,villa carlos paz,-31.4241,-64.4978,81,36,64,4.0,AR,1675365245
358,buala,-8.145,159.5921,78,86,100,4.03,SB,1675365246
359,batsfjord,70.6345,29.7185,24,86,75,5.75,NO,1675365247
360,mokrousovo,55.8103,66.7653,-3,97,64,3.78,RU,1675365248
361,nabire,-3.3667,135.4833,75,92,100,2.82,ID,1675365250
362,marapanim,-0.7175,-47.6997,73,96,100,4.07,BR,1675365252
363,mayna,54.1135,47.6231,18,91,100,6.38,RU,1675365254
364,sorland,67.667,12.6934,31,90,94,14.38,NO,1675365255
365,port lincoln,-34.7333,135.8667,58,55,100,21.77,AU,1675365257
366,palauig,15.435,119.9045,77,77,3,4.43,PH,1675365259
367,urrao,6.3152,-76.1342,71,60,83,1.9,CO,1675365261
368,tikhvin,59.6451,33.5294,27,95,100,5.21,RU,1675365262
369,thinadhoo,0.5333,72.9333,81,64,35,13.31,MV,1675365263
370,biak,-0.9131,122.8766,76,78,100,4.32,ID,1675365264
371,filingue,14.3521,3.3168,83,15,19,6.35,NE,1675365265
372,xinzhi,36.4989,111.7047,32,33,19,2.28,CN,1675365268
373,mehar,27.1807,67.8229,60,33,0,1.86,PK,1675365270
374,saint-georges,12.0564,-61.7485,79,62,0,12.44,GD,1675365272
375,westport,41.1415,-73.3579,40,43,0,11.01,US,1675364984
376,lakes entrance,-37.8811,147.981,46,81,2,9.89,AU,1675365273
377,fare,-16.7,-151.0167,81,76,0,19.48,PF,1675365275
378,husavik,66.0449,-17.3389,31,82,100,27.49,IS,1675365277
379,nuuk,64.1835,-51.7216,9,72,75,12.66,GL,1675365112
380,celestun,20.8667,-90.4,81,65,88,8.14,MX,1675365280
381,aksu,41.1231,80.2644,17,86,100,5.01,CN,1675365283
382,sisimiut,66.9395,-53.6735,4,87,100,7.11,GL,1675365284
383,bambanglipuro,-7.95,110.2833,74,94,100,4.45,ID,1675365284
384,yaan,7.3833,8.5667,90,13,5,4.16,NG,1675365285
385,kavieng,-2.5744,150.7967,81,75,100,5.84,PG,1675365285
386,gat,31.61,34.7642,54,100,98,7.11,IL,1675365223
387,cabo san lucas,22.8909,-109.9124,73,59,0,4.0,MX,1675365286
388,bosaso,11.2842,49.1816,73,69,0,3.6,SO,1675365287
389,faya,18.3851,42.4509,54,73,0,2.06,SA,1675365287
390,yar-sale,66.8333,70.8333,4,95,23,8.43,RU,1675365288
391,kokkola,63.8385,23.1307,28,85,75,6.91,FI,1675365288
392,kapoeta,4.7717,33.5903,87,27,100,4.34,SS,1675365289
393,faanui,-16.4833,-151.75,81,76,7,18.92,PF,1675365081
394,kruisfontein,-34.0033,24.7314,69,88,5,4.74,ZA,1675365290
395,rosetta,31.4044,30.4164,58,61,100,9.93,EG,1675365290
396,yarmouth,41.7057,-70.2286,37,54,0,17.27,US,1675365291
397,clyde river,70.4692,-68.5914,-27,75,20,10.36,CA,1675365291
398,skibbereen,51.55,-9.2667,51,82,58,19.55,IE,1675365292
399,chicama,-7.8447,-79.1469,72,53,33,11.68,PE,1675365292
400,cochrane,51.1834,-114.4687,15,84,100,5.75,CA,1675365293
401,priiskovyy,51.9333,116.6333,-23,100,61,1.28,RU,1675365293
402,ornskoldsvik,63.2909,18.7153,14,92,0,8.05,SE,1675365294
403,seddon,-37.8068,144.8916,55,73,75,10.36,AU,1675365294
404,vila velha,-20.3297,-40.2925,85,71,20,16.11,BR,1675365295
405,buturlino,55.5667,44.8974,23,96,100,7.38,RU,1675365295
406,milas,37.3164,27.7839,43,81,75,3.44,TR,1675365296
407,zhigansk,66.7697,123.3711,-28,96,100,8.77,RU,1675365297
408,kuala terengganu,5.3302,103.1408,75,91,100,4.07,MY,1675365297
409,hailey,43.5196,-114.3153,24,46,0,5.75,US,1675365298
410,bathsheba,13.2167,-59.5167,83,65,40,19.57,BB,1675365298
411,lagos,6.5833,3.75,81,76,9,7.02,NG,1675365287
412,brufut,13.3814,-16.7518,73,53,0,9.22,GM,1675365299
413,sukhoy log,56.9094,62.0296,5,92,15,5.84,RU,1675365299
414,omboue,-1.5746,9.2618,79,88,99,6.15,GA,1675365300
415,clearwater,27.9659,-82.8001,83,77,0,8.05,US,1675365204
416,bengkulu,-3.8004,102.2655,75,88,100,6.6,ID,1675365222
417,stettler,52.3168,-112.7186,4,78,100,21.85,CA,1675365301
418,mopti,14.6667,-4.0,82,8,11,10.49,ML,1675365305
419,florianopolis,-27.6146,-48.5012,83,75,75,13.8,BR,1675365271
420,sagaing,21.8787,95.9797,76,51,90,4.0,MM,1675365310
421,traralgon,-38.1833,146.5333,50,68,8,6.02,AU,1675365312
422,mitchell,43.7094,-98.0298,6,68,40,16.11,US,1675365300
423,pevek,69.7008,170.3133,-12,100,87,2.17,RU,1675365318
424,ulladulla,-35.35,150.4667,62,62,0,7.67,AU,1675365319
425,los llanos de aridane,28.6585,-17.9182,59,68,40,8.05,ES,1675365321
426,moanda,-1.5575,13.2178,78,66,100,1.36,GA,1675365323
427,chilliwack,49.1747,-121.9443,43,65,100,2.3,CA,1675365324
428,gamba,-2.65,10.0,79,85,79,6.22,GA,1675365327
429,sistranda,63.7256,8.834,28,63,15,9.31,NO,1675365265
430,ericeira,38.9627,-9.4156,54,74,0,3.09,PT,1675365331
431,cordoba,-31.4135,-64.1811,84,48,98,3.0,AR,1675365206
432,urdoma,61.7533,48.5442,21,96,100,5.95,RU,1675365337
433,kanniyakumari,8.0833,77.5667,77,80,100,17.85,IN,1675365344
434,laguna,38.421,-121.4238,57,64,0,3.44,US,1675365345
435,teguise,29.0605,-13.564,59,72,20,13.8,ES,1675365345
436,rocha,-34.4833,-54.3333,67,93,100,8.59,UY,1675365346
437,pilar,-9.5972,-35.9567,84,59,82,12.62,BR,1675365347
438,fort nelson,58.8053,-122.7002,-10,74,75,2.3,CA,1675365340
439,winneba,5.3511,-0.6231,80,82,37,8.43,GH,1675365347
440,eureka,40.8021,-124.1637,60,54,100,4.79,US,1675365054
441,naryan-mar,67.6713,53.087,10,96,64,8.52,RU,1675365348
442,havelock,34.8791,-76.9013,42,89,100,8.05,US,1675365349
443,cascais,38.6979,-9.4215,54,64,0,5.99,PT,1675365349
444,airai,-8.9266,125.4092,61,96,100,2.95,TL,1675365350
445,storforshei,66.4043,14.5233,8,84,75,0.0,NO,1675365350
446,ahmadpur east,29.1431,71.2598,61,28,0,4.45,PK,1675365351
447,sao joao da barra,-21.6403,-41.0511,87,81,100,15.5,BR,1675365352
448,genhe,50.7833,121.5167,-25,100,98,0.94,CN,1675365352
449,imeni poliny osipenko,52.4201,136.4853,-30,100,100,1.19,RU,1675365353
450,gao,16.6362,1.637,80,14,3,2.95,ML,1675365353
451,yulara,-25.2406,130.9889,67,40,0,7.96,AU,1675365354
452,kraksaan,-7.7585,113.3962,74,94,100,3.56,ID,1675365354
453,yabrud,33.9674,36.6574,31,77,15,7.67,SY,1675365355
454,poplar bluff,36.757,-90.3929,35,71,40,4.61,US,1675365355
455,asadabad,34.7824,48.1185,28,92,65,5.61,IR,1675365356
456,vardo,70.3705,31.1107,24,80,40,6.91,NO,1675365357
457,tondano,1.3038,124.9112,68,96,99,2.28,ID,1675365357
458,cam ranh,11.9214,109.1591,75,88,75,10.36,VN,1675365358
459,silver city,32.7701,-108.2803,53,20,0,10.36,US,1675365358
460,arroyo,41.6096,-4.7969,46,66,0,6.91,ES,1675365292
461,twin falls,42.3505,-114.6445,22,81,14,6.89,US,1675365359
462,hearst,49.6835,-83.6665,-9,87,100,13.6,CA,1675365360
463,ashqelon,31.6693,34.5715,55,57,100,9.01,IL,1675365360
464,odweyne,9.4092,45.064,67,33,4,12.1,SO,1675365361
465,sochi,43.6,39.7303,37,69,100,6.62,RU,1675365361
466,nha trang,12.25,109.1833,75,92,100,5.77,VN,1675365362
467,vilyuysk,63.7553,121.6247,-16,99,100,3.02,RU,1675365364
468,dubrovytsya,51.5744,26.565,32,99,100,5.59,UA,1675365366
469,gorele,41.0308,39.0031,37,62,10,9.17,TR,1675365367
470,pemba,-12.974,40.5178,81,83,75,8.05,MZ,1675365371
471,kula,38.5473,28.6498,35,64,24,4.72,TR,1675365373
472,kungsbacka,57.4872,12.0761,31,82,100,5.99,SE,1675365374
473,ploemeur,47.7333,-3.4333,49,77,100,3.44,FR,1675365375
474,puerto madryn,-42.7692,-65.0385,82,35,99,8.32,AR,1675365376
475,ushtobe,45.2514,77.9838,21,94,100,3.65,KZ,1675365377
476,simav,39.0882,28.9777,32,89,40,4.68,TR,1675365378
477,sri aman,1.2376,111.4621,75,100,100,0.0,MY,1675365380
478,svetlogorsk,52.6333,29.7333,31,98,100,4.32,BY,1675365381
479,hami,42.8,93.45,24,63,13,4.18,CN,1675365382
480,tarko-sale,64.9225,77.785,4,96,11,9.75,RU,1675365388
481,davenport,41.5236,-90.5776,33,68,0,17.27,US,1675365351
482,holiday,28.1878,-82.7395,83,76,57,5.01,US,1675365393
483,puerto ayacucho,5.6639,-67.6236,95,31,44,8.19,VE,1675365396
484,tshikapa,-6.4167,20.8,72,92,24,3.18,CD,1675365398
485,lubango,-14.9172,13.4925,62,87,92,4.54,AO,1675365401
486,broome,42.2506,-75.833,36,45,0,12.66,US,1675365402
487,kokopo,-4.352,152.2633,79,79,100,6.93,PG,1675365403
488,mandalgovi,45.7625,106.2708,8,62,21,8.59,MN,1675365227
489,poum,-20.2333,164.0167,81,71,100,18.61,NC,1675365286
490,shenzhen,22.5455,114.0683,64,86,39,6.62,CN,1675365204
491,fort frances,48.5999,-93.4003,-10,61,100,13.8,CA,1675365348
492,liuhe,42.2401,125.7172,3,88,100,4.18,CN,1675365405
493,champerico,14.3,-91.9167,95,57,6,10.8,GT,1675365406
494,alegrete,-29.7831,-55.7919,92,31,100,7.96,BR,1675365118
495,ligayan,4.6533,119.4706,80,73,53,3.65,PH,1675365407
496,auki,-8.7676,160.7034,77,86,97,3.71,SB,1675365407
497,grindavik,63.8424,-22.4338,35,87,100,40.06,IS,1675365408
498,angoram,-4.0625,144.0661,73,92,100,1.14,PG,1675365408
499,gizo,-8.103,156.8419,81,78,100,7.05,SB,1675365409
500,arman,59.7,150.1667,-1,90,81,7.94,RU,1675365410
501,ketchikan,55.3422,-131.6461,40,93,100,20.71,US,1675365410
502,hobyo,5.3505,48.5268,76,73,95,17.87,SO,1675365411
503,vestmannaeyjar,63.4427,-20.2734,37,75,100,40.33,IS,1675365285
504,panipat,29.3889,76.9681,53,45,0,7.76,IN,1675365412
505,gornopravdinsk,60.05,69.9,13,99,100,3.22,RU,1675365413
506,caruaru,-8.2833,-35.9761,80,59,95,12.06,BR,1675365414
507,great falls,47.5002,-111.3008,39,69,0,18.41,US,1675365404
508,moerai,-22.4333,-151.3333,79,78,2,13.4,PF,1675365415
509,salalah,17.0151,54.0924,69,72,6,3.4,OM,1675365169
510,weatherford,32.7593,-97.7972,31,89,100,4.0,US,1675365136
511,at-bashi,41.1702,75.8106,18,73,100,1.32,KG,1675365416
512,saurimo,-9.6608,20.3916,64,96,100,4.59,AO,1675365416
513,caravelas,-17.7125,-39.2481,83,57,0,10.09,BR,1675365417
514,rodrigues alves,-7.738,-72.6509,84,90,100,3.71,BR,1675365417
515,leningradskiy,69.3833,178.4167,-15,100,100,6.91,RU,1675365225
516,zheleznodorozhnyy,55.7503,38.0042,30,96,99,8.75,RU,1675365381
517,najran,17.4924,44.1277,68,46,3,1.66,SA,1675365157
518,suifenhe,44.4,131.1667,-1,87,9,6.06,CN,1675365419
519,nuoro,40.3211,9.3297,39,94,0,2.64,IT,1675365419
520,kapit,2.0167,112.9333,73,100,100,2.3,MY,1675365420
521,zarand,30.8127,56.564,46,81,62,6.55,IR,1675365420
522,beloha,-25.1667,45.05,72,79,40,15.12,MG,1675365316
523,ishigaki,24.3448,124.1572,66,88,75,12.66,JP,1675365421
524,tianmen,30.6516,113.1603,35,84,100,4.27,CN,1675365421
525,cairns,-16.9167,145.7667,80,94,100,2.3,AU,1675365423
526,kalabo,-14.97,22.6814,70,84,69,2.08,ZM,1675365424
527,krasnyy chikoy,50.3643,108.7512,-5,99,100,2.95,RU,1675365425
528,ambulu,-8.345,113.6058,75,91,100,2.28,ID,1675365427
529,trelew,-43.249,-65.3051,87,24,79,13.31,AR,1675365188
530,coahuayana,18.7333,-103.6833,92,23,24,6.85,MX,1675365429
531,voyvozh,62.892,54.9635,10,93,75,6.53,RU,1675365432
532,ranong,9.9658,98.6348,76,79,98,3.94,TH,1675365434
533,cartagena,10.3997,-75.5144,87,58,20,19.57,CO,1675365183
534,bhatkal,13.9667,74.5667,81,50,100,5.66,IN,1675365443
535,abnub,27.2696,31.1511,54,42,3,5.88,EG,1675365447
536,anchorage,61.2181,-149.9003,28,94,100,3.44,US,1675365382
537,palmer,42.1584,-72.3287,38,36,20,16.11,US,1675365167
538,monte alegre,-2.0078,-54.0692,84,62,63,5.1,BR,1675365452
539,preobrazheniye,42.9019,133.9064,8,75,3,8.84,RU,1675365457
540,maningrida,-12.0667,134.2667,78,88,99,9.6,AU,1675365459
541,varhaug,58.6147,5.6457,38,96,100,23.91,NO,1675365460
542,port hawkesbury,45.6169,-61.3485,25,66,40,6.91,CA,1675365461
543,khilok,51.3674,110.4676,-2,96,95,5.01,RU,1675365461
544,bud,39.447,-86.1758,38,47,100,13.18,US,1675365462
545,inhambane,-23.865,35.3833,78,69,20,6.91,MZ,1675365462
546,peniche,39.3558,-9.3811,53,79,0,5.82,PT,1675365463
547,mizque,-17.941,-65.3402,73,48,96,9.42,BO,1675365463
548,port macquarie,-31.4333,152.9167,66,92,11,9.08,AU,1675365464
549,akcaabat,41.0212,39.5715,44,61,75,6.91,TR,1675365464
550,villarrica,-25.75,-56.4333,98,28,55,0.83,PY,1675365465
551,nakapiripirit,1.9167,34.7833,76,34,99,9.71,UG,1675365465
552,lompoc,34.6391,-120.4579,67,45,75,15.99,US,1675365466
553,horadiz,39.4488,47.3353,45,83,100,6.13,AZ,1675365466
554,marzuq,14.4,46.4667,65,61,0,5.3,YE,1675365467
555,wollongong,-34.4333,150.8833,68,55,0,7.02,AU,1675365467
556,manzhouli,49.6,117.4333,0,92,100,5.64,CN,1675365468
557,shivrajpur,22.4167,73.65,66,20,76,5.73,IN,1675365468
558,dakar,14.6937,-17.4441,77,77,0,13.8,SN,1675365300
559,gore,-46.1028,168.9436,62,87,13,1.19,NZ,1675365469
560,musiri,10.9333,78.45,71,73,100,3.98,IN,1675365469
561,gunjur,13.2019,-16.7339,73,53,0,9.22,GM,1675365470
562,kabanjahe,3.1001,98.4908,63,95,97,2.8,ID,1675365470
563,lich,50.5209,8.8157,47,89,100,4.0,DE,1675365471
564,ewa beach,21.3156,-158.0072,79,73,0,4.61,US,1675365175
565,chabahar,25.2919,60.643,69,68,0,6.4,IR,1675365472
566,san cristobal,7.7669,-72.225,77,27,6,6.93,VE,1675365472
567,qasigiannguit,68.8193,-51.1922,7,92,100,5.77,GL,1675365473
568,saint-pierre,-21.3393,55.4781,80,83,75,11.5,RE,1675365473
569,isla vista,34.4133,-119.861,67,43,0,10.36,US,1675365473
570,fairlie,55.756,-4.8556,50,86,100,11.99,GB,1675365474
571,muros,42.7762,-9.0603,48,85,0,3.62,ES,1675365474
572,manaia,-39.55,174.1333,71,90,100,7.16,NZ,1675365475
573,bodden town,19.2833,-81.25,86,65,20,17.27,KY,1675365475
574,tiarei,-17.5333,-149.3333,86,82,3,21.36,PF,1675365476
575,nemuro,43.3236,145.575,15,73,21,18.57,JP,1675365476
576,novyy urgal,51.0736,132.5642,-33,99,77,1.54,RU,1675365477
577,kenora,49.8167,-94.4337,-13,58,20,11.5,CA,1675365477
578,whitehorse,60.7161,-135.0538,7,75,40,11.5,CA,1675365478
579,xinyu,27.8043,114.9334,42,74,100,4.94,CN,1675365478
580,pathardi,19.1667,75.1833,68,34,97,6.04,IN,1675365482
581,beidao,34.5686,105.8933,36,57,100,2.82,CN,1675365485
